client_id,client_name,sector,contract_tier,sign_up_date,TOTAL_EVENTS,TOTAL_VOLUME,AVG_TRANSACTION_AMOUNT,COMPLETED_EVENTS,FAILED_EVENTS,PROCESSING_EVENTS,TOTAL_RETRIES,SUCCESSFUL_RETRIES,PAY_IN_RATIO,PAY_OUT_RATIO,FAIL_RATE,AVG_DELAY_HOURS,RETRY_RATE
C0043,Alvarez Carson And Kennedy,credit,enterprise,2024-11-30 00:00:00+00:00,286,1482736.8200000003,5184.394475524477,167.0,31.0,63.0,41,22.0,51.75,48.25,10.84,0.77,12.24
C0003,Sanders Ltd,payroll,standard,2024-06-09 00:00:00+00:00,275,1439907.830000001,5236.0284727272765,175.0,28.0,41.0,27,12.0,52.73,47.27,10.18,0.72,9.45
C0035,Wilson Ferguson,payroll,standard,2024-06-12 00:00:00+00:00,281,1433048.3000000007,5099.816014234878,167.0,30.0,46.0,32,20.0,47.69,52.31,10.68,0.84,11.39
C0007,Conley Ramos And Barrett,unknown,unknown,2024-02-01 00:00:00+00:00,277,1428098.5800000008,5155.590541516248,185.0,30.0,42.0,26,17.0,52.35,47.65,10.83,0.72,8.66
C0000,Levy Plc,credit,enterprise,2024-11-27 00:00:00+00:00,271,1425315.4500000002,5259.466605166052,163.0,24.0,56.0,30,11.0,53.51,46.49,8.86,0.75,11.07
C0042,Bennett Combs,credit,enterprise,2024-06-25 00:00:00+00:00,264,1398503.9,5297.363257575757,180.0,25.0,36.0,20,11.0,49.24,50.76,9.47,0.74,6.82
C0044,Ho Chung And Smith,logistics,basic,2025-05-13 00:00:00+00:00,282,1398125.6900000004,4957.892517730498,179.0,33.0,40.0,34,16.0,48.58,51.42,11.7,0.77,12.06
C0016,Parker Lewis,retail,basic,2025-04-11 00:00:00+00:00,265,1394174.4199999997,5261.03554716981,170.0,28.0,35.0,33,15.0,49.06,50.94,10.57,0.81,11.7
C0008,Torres Marquez,credit,basic,2023-10-16 00:00:00+00:00,273,1374561.9000000008,5035.025274725278,167.0,29.0,40.0,28,7.0,47.62,52.38,10.62,0.79,9.16
C0038,Bowman Mack And Trujillo,unknown,basic,2024-11-15 00:00:00+00:00,282,1364405.2299999997,4838.316418439716,193.0,23.0,41.0,23,9.0,46.45,53.55,8.16,0.71,8.16
C0056,Duran Plc,unknown,basic,2024-08-29 00:00:00+00:00,264,1359809.92,5150.795151515151,184.0,23.0,33.0,30,14.0,48.48,51.52,8.71,0.76,10.98
C0015,Horton Inc,credit,enterprise,2024-12-16 00:00:00+00:00,266,1338098.3199999996,5030.444812030074,169.0,28.0,37.0,27,17.0,49.25,50.75,10.53,0.74,10.15
C0019,Whitehead Inc,services,unknown,2023-09-13 00:00:00+00:00,256,1335686.6400000001,5217.5259375000005,167.0,29.0,36.0,23,13.0,48.44,51.56,11.33,0.67,8.98
C0039,Andrews Washington And Hess,payroll,premium,2023-06-18 00:00:00+00:00,253,1322416.9900000005,5226.944624505931,150.0,28.0,46.0,16,8.0,43.87,56.13,11.07,0.76,5.93
C0031,Bean Inc,payroll,basic,2023-07-17 00:00:00+00:00,258,1320661.7299999997,5118.843914728681,177.0,25.0,33.0,29,9.0,51.16,48.84,9.69,0.75,10.85
C0050,Shepherd Avila,unknown,basic,2024-03-31 00:00:00+00:00,265,1320471.8599999996,4982.912679245282,183.0,21.0,36.0,25,11.0,44.91,55.09,7.92,0.76,9.43
C0010,Sosa Smith,logistics,basic,2023-12-08 00:00:00+00:00,252,1314284.5400000003,5215.414841269842,173.0,31.0,26.0,24,12.0,49.6,50.4,12.3,0.71,8.73
C0046,Hinton Kim And Walker,services,premium,2025-01-09 00:00:00+00:00,267,1310603.1700000009,4908.626104868917,172.0,26.0,37.0,17,9.0,48.31,51.69,9.74,0.75,6.37
C0012,Vincent And Sons,unknown,basic,2025-01-23 00:00:00+00:00,274,1288359.3899999994,4702.041569343063,192.0,26.0,27.0,28,10.0,48.18,51.82,9.49,0.74,10.22
C0022,Lee Plc,unknown,premium,2024-05-18 00:00:00+00:00,255,1286698.5299999998,5045.876588235294,163.0,28.0,42.0,26,15.0,45.88,54.12,10.98,0.76,9.8
C0025,Morrow Llc,unknown,enterprise,2024-04-02 00:00:00+00:00,246,1285724.9200000004,5226.524065040652,166.0,23.0,36.0,20,8.0,47.15,52.85,9.35,0.76,7.72
C0048,Knight And Sons,unknown,basic,2024-03-17 00:00:00+00:00,266,1284621.0200000005,4829.40233082707,158.0,30.0,47.0,32,18.0,42.86,57.14,11.28,0.79,10.53
C0026,Leonard Gonzalez And Anthony,credit,basic,2023-07-27 00:00:00+00:00,255,1282162.5000000012,5028.088235294123,165.0,29.0,38.0,20,8.0,47.45,52.55,11.37,0.82,7.84
C0023,Henson Inc,unknown,basic,2024-10-04 00:00:00+00:00,250,1277606.7400000002,5110.426960000001,168.0,19.0,38.0,21,12.0,49.2,50.8,7.6,0.73,8.0
C0049,Payne Adkins And Brown,payroll,premium,2023-08-20 00:00:00+00:00,266,1274533.42,4791.479022556391,180.0,18.0,35.0,29,16.0,45.86,54.14,6.77,0.73,10.53
C0002,Rush Bryant,retail,standard,2024-08-14 00:00:00+00:00,244,1270848.2499999988,5208.39446721311,162.0,23.0,33.0,25,10.0,47.95,52.05,9.43,0.76,9.84
C0045,Miller Arnold,credit,unknown,2025-01-01 00:00:00+00:00,249,1262974.5499999993,5072.186947791162,174.0,23.0,31.0,31,16.0,49.0,51.0,9.24,0.76,11.65
C0052,Smith And Sons,services,enterprise,2024-08-22 00:00:00+00:00,248,1250633.7600000007,5042.878064516132,159.0,13.0,43.0,29,16.0,51.21,48.79,5.24,0.74,10.08
C0021,Hayes Thompson And Jones,unknown,basic,2023-06-19 00:00:00+00:00,249,1247383.110000001,5009.570722891571,165.0,25.0,46.0,30,13.0,53.41,46.59,10.04,0.77,11.65
C0051,Hart Hudson And Wallace,unknown,standard,2024-01-30 00:00:00+00:00,242,1244524.6900000009,5142.664008264466,166.0,23.0,33.0,26,18.0,47.52,52.48,9.5,0.78,9.92
C0027,Fitzgerald Brandt,payroll,standard,2023-11-22 00:00:00+00:00,261,1243535.74,4764.504750957854,168.0,30.0,34.0,31,21.0,52.87,47.13,11.49,0.82,11.11
C0032,Brown French,credit,enterprise,2023-11-29 00:00:00+00:00,258,1238998.96,4802.321550387597,159.0,27.0,41.0,19,10.0,44.19,55.81,10.47,0.76,6.98
C0036,Thomas And Sons,services,basic,2024-02-26 00:00:00+00:00,232,1234416.1600000006,5320.75931034483,154.0,17.0,29.0,23,13.0,43.53,56.47,7.33,0.74,9.91
C0059,Deleon Williams,retail,enterprise,2024-06-05 00:00:00+00:00,259,1232331.8199999987,4758.03791505791,175.0,20.0,42.0,25,16.0,50.97,49.03,7.72,0.74,8.88
C0055,Burton Plc,logistics,basic,2023-12-05 00:00:00+00:00,246,1228601.2600000005,4994.314065040652,149.0,25.0,44.0,22,11.0,48.37,51.63,10.16,0.73,7.72
C0014,Byrd Morales,unknown,enterprise,2024-10-18 00:00:00+00:00,244,1226069.7799999998,5024.876147540983,165.0,22.0,32.0,28,12.0,52.87,47.13,9.02,0.76,11.07
C0001,Miller And Sons,credit,standard,2025-02-12 00:00:00+00:00,250,1225424.7499999995,4901.698999999998,150.0,27.0,40.0,27,13.0,51.6,48.4,10.8,0.72,10.0
C0057,Tucker Miller And Watson,payroll,standard,2024-04-18 00:00:00+00:00,249,1225410.1800000006,4921.326024096388,167.0,19.0,36.0,24,8.0,55.02,44.98,7.63,0.81,9.24
C0033,Lowery Black,payroll,unknown,2024-01-14 00:00:00+00:00,245,1223513.0299999998,4993.930734693877,160.0,19.0,40.0,32,17.0,48.98,51.02,7.76,0.72,13.06
C0047,Vargas Jimenez,unknown,premium,2023-06-21 00:00:00+00:00,260,1218828.7499999998,4687.802884615384,178.0,19.0,39.0,21,10.0,55.0,45.0,7.31,0.73,7.31
C0013,Flowers And Sons,unknown,unknown,2024-01-30 00:00:00+00:00,246,1210119.9599999986,4919.186829268287,170.0,22.0,34.0,18,12.0,51.63,48.37,8.94,0.82,7.32
C0009,Higgins Callahan And Coleman,unknown,premium,2024-02-12 00:00:00+00:00,244,1207852.7899999998,4950.216352459016,164.0,18.0,37.0,20,13.0,47.13,52.87,7.38,0.75,8.2
C0018,Smith And Sons,payroll,basic,2023-11-21 00:00:00+00:00,244,1202830.3200000003,4929.632459016395,144.0,40.0,37.0,29,16.0,54.92,45.08,16.39,0.76,11.07
C0017,Krause Garcia,retail,standard,2024-07-25 00:00:00+00:00,251,1197347.2700000003,4770.307848605578,158.0,30.0,37.0,30,11.0,53.39,46.61,11.95,0.74,11.55
C0040,Vance Brown And Duncan,unknown,premium,2025-04-28 00:00:00+00:00,238,1195648.6700000002,5023.733907563026,151.0,25.0,45.0,23,11.0,50.42,49.58,10.5,0.79,8.82
C0005,Esparza Travis,credit,standard,2024-12-15 00:00:00+00:00,237,1195318.43,5043.537679324894,144.0,27.0,38.0,22,10.0,51.9,48.1,11.39,0.76,8.44
C0004,Bell Jenkins,services,enterprise,2024-12-09 00:00:00+00:00,239,1185232.3700000003,4959.131255230127,152.0,21.0,42.0,22,9.0,49.79,50.21,8.79,0.77,8.79
C0034,Hamilton Inc,logistics,unknown,2025-02-10 00:00:00+00:00,232,1173328.6999999995,5057.451293103446,149.0,24.0,33.0,21,9.0,40.95,59.05,10.34,0.76,9.05
C0006,Cox Ltd,retail,basic,2024-02-19 00:00:00+00:00,239,1172245.9000000001,4904.794560669457,156.0,19.0,41.0,26,17.0,50.21,49.79,7.95,0.78,9.62
C0028,Wolfe Llc,credit,standard,2023-09-21 00:00:00+00:00,230,1165305.3599999999,5066.545043478261,149.0,15.0,35.0,26,15.0,53.04,46.96,6.52,0.76,10.43
C0054,Davis Ltd,retail,unknown,2024-05-16 00:00:00+00:00,227,1143523.2300000007,5037.54726872247,149.0,20.0,35.0,15,6.0,48.46,51.54,8.81,0.77,6.17
C0011,Jones Inc,credit,enterprise,2024-08-18 00:00:00+00:00,223,1137085.72,5099.039103139014,142.0,26.0,38.0,26,16.0,42.6,57.4,11.66,0.84,11.21
C0058,Ellis Brown And Pena,logistics,unknown,2024-11-26 00:00:00+00:00,232,1126560.5499999998,4855.864439655172,143.0,31.0,37.0,18,4.0,50.86,49.14,13.36,0.79,7.76
C0020,Bauer Andrews,payroll,enterprise,2025-05-19 00:00:00+00:00,244,1097317.129999999,4497.201352459012,160.0,31.0,32.0,27,12.0,52.87,47.13,12.7,0.75,10.66
C0053,Figueroa Banks And Gray,logistics,premium,2024-05-08 00:00:00+00:00,224,1080599.5399999993,4824.105089285711,136.0,23.0,48.0,28,8.0,51.79,48.21,10.27,0.76,12.05
C0041,Warren Ryan,unknown,premium,2024-01-07 00:00:00+00:00,228,1079453.1300000001,4734.443552631579,134.0,30.0,42.0,21,9.0,53.51,46.49,13.16,0.83,8.77
C0037,Mcdaniel Jones And Huynh,services,enterprise,2024-12-09 00:00:00+00:00,232,1078632.6799999995,4649.278793103446,154.0,22.0,36.0,21,12.0,53.88,46.12,9.48,0.72,9.05
C0029,Hancock Williams,logistics,basic,2025-01-10 00:00:00+00:00,228,1077840.7700000003,4727.3717982456155,128.0,28.0,40.0,20,7.0,52.63,47.37,12.28,0.77,8.77
C0024,Houston Cole,payroll,enterprise,2024-06-17 00:00:00+00:00,236,1073358.2300000004,4548.128093220341,144.0,32.0,40.0,23,11.0,52.12,47.88,13.56,0.73,9.32
C0030,Carpenter Wright,services,unknown,2023-10-06 00:00:00+00:00,213,1033499.3599999996,4852.109671361501,137.0,27.0,31.0,10,6.0,46.95,53.05,12.68,0.8,4.69
